Country,Total_Cases,Total_Deaths,Death_Rate_%,Happiness_Score,GDP_per_Capita,Social_Support,Healthy_Life_Expectancy,Freedom
Afghanistan,2171,64,2.947950253339475,3.203,0.35,0.517,0.361,0.0
Albania,773,31,4.010349288486417,4.719,0.947,0.848,0.874,0.383
Algeria,4006,450,11.233150274588118,5.211,1.002,1.16,0.785,0.086
Argentina,4428,218,4.923215898825655,6.086,1.092,1.432,0.881,0.471
Armenia,2066,32,1.5488867376573088,4.559,0.85,1.055,0.815,0.283
Australia,6766,93,1.3745196571090748,7.228,1.372,1.548,1.036,0.557
Austria,15452,584,3.779446026404349,7.246,1.376,1.475,1.016,0.532
Azerbaijan,1804,24,1.3303769401330376,5.208,1.043,1.147,0.769,0.351
Bahrain,3040,8,0.2631578947368421,6.199,1.362,1.368,0.871,0.536
Bangladesh,7667,168,2.19120907786618,4.456,0.562,0.928,0.723,0.527
Belarus,14027,89,0.6344906252227847,5.323,1.067,1.465,0.789,0.235
Belgium,48519,7594,15.651600403965457,6.923,1.356,1.504,0.986,0.473
Benin,64,1,1.5625,4.883,0.393,0.437,0.397,0.349
Bhutan,7,0,0.0,5.082,0.813,1.321,0.604,0.457
Bolivia,1110,59,5.315315315315315,5.779,0.776,1.209,0.706,0.511
Bosnia and Herzegovina,1757,69,3.927148548662493,5.386,0.945,1.212,0.845,0.212
Botswana,23,1,4.3478260869565215,3.488,1.041,1.145,0.538,0.455
Brazil,87187,6006,6.8886416552926475,6.3,1.004,1.439,0.802,0.39
Bulgaria,1506,66,4.382470119521913,5.011,1.092,1.513,0.815,0.311
Burkina Faso,645,43,6.666666666666667,4.587,0.331,1.056,0.38,0.255
Burundi,11,1,9.090909090909092,3.775,0.046,0.447,0.38,0.22
Cambodia,122,0,0.0,4.7,0.574,1.122,0.637,0.609
Cameroon,1832,61,3.3296943231441047,5.044,0.549,0.91,0.331,0.381
Canada,54457,3310,6.078190131663514,7.278,1.365,1.505,1.039,0.584
Central African Republic,50,0,0.0,3.083,0.026,0.0,0.105,0.225
Chad,73,5,6.8493150684931505,4.35,0.35,0.766,0.192,0.174
Chile,16023,227,1.4167134743805778,6.444,1.159,1.369,0.92,0.357
China,83956,4637,5.5231311639430185,5.191,1.029,1.125,0.893,0.521
Colombia,6507,293,4.502843092054711,6.125,0.985,1.41,0.841,0.47
Comoros,1,0,0.0,3.973,0.274,0.757,0.505,0.142
Congo (Brazzaville),220,9,4.090909090909091,4.812,0.673,0.799,0.508,0.372
Congo (Kinshasa),572,31,5.419580419580419,4.418,0.094,1.125,0.357,0.269
Costa Rica,719,6,0.8344923504867872,7.167,1.034,1.441,0.963,0.558
Croatia,2076,69,3.3236994219653178,5.432,1.155,1.266,0.914,0.296
Cyprus,850,15,1.7647058823529411,6.046,1.263,1.223,1.042,0.406
Denmark,9356,452,4.831124412141941,7.6,1.383,1.573,0.996,0.592
Dominican Republic,6972,301,4.317269076305221,5.425,1.015,1.401,0.779,0.497
Ecuador,24934,900,3.6095291569744123,6.028,0.912,1.312,0.868,0.498
Egypt,5537,392,7.079646017699115,4.166,0.913,1.039,0.644,0.241
El Salvador,395,10,2.5316455696202533,6.253,0.794,1.242,0.789,0.43
Estonia,1689,52,3.078744819419775,5.893,1.237,1.528,0.874,0.495
Ethiopia,131,3,2.2900763358778624,4.286,0.336,1.033,0.532,0.344
Finland,4995,211,4.224224224224224,7.769,1.34,1.587,0.986,0.596
France,167299,24410,14.590643100078301,6.592,1.324,1.472,1.045,0.436
Gabon,276,3,1.0869565217391304,4.799,1.057,1.183,0.571,0.295
Gambia,11,1,9.090909090909092,4.516,0.308,0.939,0.428,0.382
Georgia,539,6,1.1131725417439702,4.519,0.886,0.666,0.752,0.346
Germany,163009,6623,4.062965848511432,6.985,1.373,1.454,0.987,0.495
Ghana,2074,17,0.819672131147541,4.996,0.611,0.868,0.486,0.381
Greece,2591,140,5.403319181783095,5.287,1.181,1.156,0.999,0.067
Guatemala,599,16,2.671118530884808,6.436,0.8,1.269,0.746,0.535
Guinea,1495,7,0.46822742474916385,4.534,0.38,0.829,0.375,0.332
Haiti,81,8,9.876543209876543,3.597,0.323,0.688,0.449,0.026
Honduras,771,71,9.208819714656292,5.86,0.642,1.236,0.828,0.507
Hungary,2775,312,11.243243243243244,5.758,1.201,1.41,0.828,0.199
Iceland,1797,10,0.5564830272676683,7.494,1.38,1.624,1.026,0.591
India,34863,1154,3.3100995324556117,4.015,0.755,0.765,0.588,0.498
Indonesia,10118,792,7.827633919746986,5.192,0.931,1.203,0.66,0.491
Iran,94640,6028,6.369399830938292,4.548,1.1,0.842,0.785,0.305
Iraq,2085,93,4.460431654676259,4.437,1.043,0.98,0.574,0.241
Ireland,20612,1232,5.977100718028333,7.021,1.499,1.553,0.999,0.516
Israel,15946,222,1.3921986705129812,7.139,1.276,1.455,1.029,0.371
Italy,205463,27967,13.611696509833887,6.223,1.294,1.488,1.039,0.231
Jamaica,422,8,1.8957345971563981,5.89,0.831,1.478,0.831,0.49
Japan,14088,430,3.052243043725156,5.886,1.327,1.419,1.088,0.445
Jordan,453,8,1.7660044150110374,4.906,0.837,1.225,0.815,0.383
Kazakhstan,3402,25,0.7348618459729571,5.809,1.173,1.508,0.729,0.41
Kenya,396,17,4.292929292929292,4.509,0.512,0.983,0.581,0.431
Kosovo,799,22,2.753441802252816,6.1,0.882,1.232,0.758,0.489
Kuwait,4024,26,0.6461232604373758,6.021,1.5,1.319,0.808,0.493
Kyrgyzstan,746,8,1.0723860589812333,5.261,0.551,1.438,0.723,0.508
Laos,19,0,0.0,4.796,0.764,1.03,0.551,0.547
Latvia,858,15,1.7482517482517483,5.94,1.187,1.465,0.812,0.264
Lebanon,725,24,3.310344827586207,5.197,0.987,1.224,0.815,0.216
Liberia,141,16,11.347517730496454,3.975,0.073,0.922,0.443,0.37
Libya,61,3,4.918032786885246,5.525,1.044,1.303,0.673,0.416
Lithuania,1385,45,3.2490974729241873,6.149,1.238,1.515,0.818,0.291
Luxembourg,3784,90,2.3784355179704018,7.09,1.609,1.479,1.012,0.526
Madagascar,128,0,0.0,3.933,0.274,0.916,0.555,0.148
Malawi,37,3,8.108108108108109,3.41,0.191,0.56,0.495,0.443
Malaysia,6002,102,1.6994335221592802,5.339,1.221,1.171,0.828,0.508
Mali,490,26,5.3061224489795915,4.39,0.385,1.105,0.308,0.327
Malta,465,4,0.8602150537634409,6.726,1.3,1.52,0.999,0.564
Mauritania,8,1,12.5,4.49,0.57,1.167,0.489,0.066
Mauritius,332,10,3.0120481927710845,5.888,1.12,1.402,0.798,0.498
Mexico,19224,1859,9.670203911776944,6.595,1.07,1.323,0.861,0.433
Moldova,3897,116,2.9766487041313834,5.529,0.685,1.328,0.739,0.245
Mongolia,38,0,0.0,5.285,0.948,1.531,0.667,0.317
Montenegro,322,7,2.1739130434782608,5.523,1.051,1.361,0.871,0.197
Morocco,4423,170,3.843545105132263,5.208,0.801,0.782,0.782,0.418
Mozambique,76,0,0.0,4.466,0.204,0.986,0.39,0.494
Namibia,16,0,0.0,4.639,0.879,1.313,0.477,0.401
Nepal,57,0,0.0,4.913,0.446,1.226,0.677,0.439
Netherlands,39512,4811,12.176047782952013,7.488,1.396,1.522,0.999,0.557
New Zealand,1479,19,1.2846517917511833,7.307,1.303,1.557,1.026,0.585
Nicaragua,14,3,21.428571428571427,6.105,0.694,1.325,0.835,0.435
Niger,719,32,4.450625869262865,4.628,0.138,0.774,0.366,0.318
Nigeria,1932,58,3.002070393374741,5.265,0.696,1.111,0.245,0.426
North Macedonia,1465,77,5.255972696245734,5.274,0.983,1.294,0.838,0.345
Norway,7738,210,2.7138795554406823,7.554,1.488,1.582,1.028,0.603
Pakistan,16817,385,2.28935006243682,5.653,0.677,0.886,0.535,0.313
Panama,6532,188,2.8781383955909368,6.321,1.149,1.442,0.91,0.516
Paraguay,266,10,3.7593984962406015,5.743,0.855,1.475,0.777,0.514
Peru,36976,1051,2.842384249242752,5.697,0.96,1.274,0.854,0.455
Philippines,8488,568,6.691800188501413,5.631,0.807,1.293,0.657,0.558
Poland,12877,644,5.001164867593384,6.182,1.206,1.438,0.884,0.483
Portugal,25045,989,3.948891994410062,5.693,1.221,1.431,0.999,0.508
Qatar,13409,10,0.07457677679170706,6.374,1.684,1.313,0.871,0.555
Romania,12240,717,5.857843137254902,6.07,1.162,1.232,0.825,0.462
Russia,106498,1073,1.0075306578527297,5.648,1.183,1.452,0.726,0.334
Rwanda,243,0,0.0,3.334,0.359,0.711,0.614,0.555
Saudi Arabia,22753,162,0.7119940227662287,6.375,1.403,1.357,0.795,0.439
Senegal,933,9,0.964630225080386,4.681,0.45,1.134,0.571,0.292
Serbia,9009,179,1.9869019869019868,5.603,1.004,1.383,0.854,0.282
Sierra Leone,124,7,5.64516129032258,4.374,0.268,0.841,0.242,0.309
Singapore,16169,15,0.09277011565341084,6.262,1.572,1.463,1.141,0.556
Slovakia,1396,23,1.64756446991404,6.198,1.246,1.504,0.881,0.334
Slovenia,1429,91,6.368089573128062,6.118,1.258,1.523,0.953,0.564
Somalia,601,28,4.658901830282862,4.668,0.0,0.698,0.268,0.559
South Africa,5647,103,1.8239773330972198,4.722,0.96,1.351,0.469,0.389
South Sudan,35,0,0.0,2.853,0.306,0.575,0.295,0.01
Spain,213435,24543,11.499051233396585,6.354,1.286,1.484,1.062,0.362
Sri Lanka,663,7,1.0558069381598794,4.366,0.949,1.265,0.831,0.47
Sweden,21092,2586,12.260572728996776,7.343,1.387,1.487,1.009,0.574
Switzerland,29586,1737,5.871020077063476,7.48,1.452,1.526,1.052,0.572
Syria,43,3,6.976744186046512,3.462,0.619,0.378,0.44,0.013
Tajikistan,15,0,0.0,5.467,0.493,1.098,0.718,0.389
Tanzania,480,16,3.3333333333333335,3.231,0.476,0.885,0.499,0.417
Thailand,2954,54,1.8280297901150981,6.008,1.05,1.409,0.828,0.557
Togo,116,9,7.758620689655173,4.085,0.275,0.572,0.41,0.293
Tunisia,994,41,4.124748490945674,4.461,0.921,1.0,0.815,0.167
Turkey,120204,3174,2.6405111310771687,5.373,1.183,1.36,0.808,0.195
Uganda,83,0,0.0,4.189,0.332,1.069,0.443,0.356
Ukraine,10406,261,2.508168364405151,4.332,0.82,1.39,0.739,0.178
United Arab Emirates,12481,105,0.8412787436904094,6.825,1.503,1.31,0.825,0.598
United Kingdom,172481,26842,15.562293817869794,7.054,1.333,1.538,0.996,0.45
Uruguay,643,17,2.6438569206842923,6.293,1.124,1.465,0.891,0.523
Uzbekistan,2039,9,0.4413928396272682,6.174,0.745,1.529,0.756,0.631
Venezuela,333,16,4.804804804804805,4.707,0.96,1.427,0.805,0.154
Vietnam,270,0,0.0,5.175,0.741,1.346,0.851,0.543
Yemen,6,2,33.33333333333333,3.38,0.287,1.163,0.463,0.143
Zambia,106,3,2.8301886792452833,4.107,0.578,1.058,0.426,0.431
Zimbabwe,40,4,10.0,3.663,0.366,1.114,0.433,0.361
